hotel,datetime,tempmax,tempmin,temp,precip,precipprob,windgust,windspeed,conditions,cloudcover
Resort Hotel,2015-07-01,24.8,17.2,21.2,0.0,0,54.0,38.3,Partially cloudy,35.6
Resort Hotel,2015-07-02,27.6,17.9,23.0,0.0,0,39.6,25.6,Clear,3.1
Resort Hotel,2015-07-03,26.9,19.0,23.7,0.0,0,32.4,24.6,Clear,0.0
Resort Hotel,2015-07-04,29.0,18.9,24.5,0.0,0,28.8,19.3,Clear,11.4
Resort Hotel,2015-07-05,29.4,24.8,27.0,0.0,0,25.2,21.0,Clear,12.9
Resort Hotel,2015-07-06,29.1,22.2,26.2,0.0,0,21.6,17.3,Partially cloudy,21.8
Resort Hotel,2015-07-07,32.7,22.1,27.9,0.0,0,25.2,19.9,Clear,12.9
Resort Hotel,2015-07-08,29.3,22.9,26.9,0.0,0,32.4,22.0,Clear,18.5
Resort Hotel,2015-07-09,26.3,20.7,23.8,0.0,0,39.6,24.6,Partially cloudy,57.2
Resort Hotel,2015-07-10,32.1,18.0,23.0,0.0,0,28.8,18.2,Clear,14.2
Resort Hotel,2015-07-11,34.9,20.1,26.1,0.0,0,43.2,26.5,Clear,0.1
Resort Hotel,2015-07-12,28.0,22.1,25.2,0.0,0,28.8,20.2,Clear,0.0
Resort Hotel,2015-07-13,29.0,19.5,24.9,0.0,0,21.6,19.3,Clear,0.0
Resort Hotel,2015-07-14,28.1,22.5,24.9,0.0,0,25.2,15.5,Partially cloudy,34.4
Resort Hotel,2015-07-15,31.8,23.1,27.6,0.0,0,28.8,22.9,Partially cloudy,37.4
Resort Hotel,2015-07-16,32.0,25.1,28.3,0.0,0,28.8,18.2,Partially cloudy,46.1
Resort Hotel,2015-07-17,30.6,23.1,26.9,0.0,0,39.6,24.6,Partially cloudy,47.0
Resort Hotel,2015-07-18,31.7,21.0,25.7,0.0,0,39.6,32.7,Partially cloudy,20.4
Resort Hotel,2015-07-19,28.9,21.4,25.5,0.0,0,43.2,30.9,Clear,9.4
Resort Hotel,2015-07-20,30.8,21.6,26.1,0.0,0,28.8,20.4,Clear,0.0
Resort Hotel,2015-07-21,30.1,23.2,26.7,0.0,0,25.2,18.5,Clear,0.0
Resort Hotel,2015-07-22,35.0,25.0,29.0,0.0,0,39.6,28.2,Clear,0.0
Resort Hotel,2015-07-23,34.9,22.1,26.9,0.0,0,43.2,27.4,Clear,0.0
Resort Hotel,2015-07-24,31.3,22.1,25.7,0.0,0,43.2,39.2,Clear,8.0
Resort Hotel,2015-07-25,28.0,18.1,23.3,0.0,0,32.4,24.7,Clear,0.0
Resort Hotel,2015-07-26,25.9,21.3,23.7,0.0,0,25.2,18.2,Clear,0.0
Resort Hotel,2015-07-27,31.0,22.8,27.6,0.0,0,32.4,19.3,Clear,0.0
Resort Hotel,2015-07-28,32.1,22.4,26.5,0.0,0,36.0,17.3,Clear,2.1
Resort Hotel,2015-07-29,37.0,24.1,28.3,0.0,0,46.8,31.2,Clear,0.0
Resort Hotel,2015-07-30,28.2,22.0,24.3,0.0,0,43.2,34.7,Clear,14.7
Resort Hotel,2015-07-31,26.9,19.3,22.3,0.0,0,57.6,41.0,Partially cloudy,22.6
Resort Hotel,2015-08-01,25.1,18.4,21.9,0.0,0,28.8,23.7,Clear,0.0
Resort Hotel,2015-08-02,31.0,20.7,26.3,0.0,0,36.0,22.0,Clear,10.4
Resort Hotel,2015-08-03,26.9,18.9,23.2,0.0,0,46.8,29.9,Partially cloudy,69.1
Resort Hotel,2015-08-04,26.3,18.0,22.1,0.0,0,32.4,26.5,Partially cloudy,37.9
Resort Hotel,2015-08-05,27.5,17.9,23.8,0.0,0,28.8,19.9,Clear,0.1
Resort Hotel,2015-08-06,29.8,20.3,25.1,0.0,0,25.2,17.3,Clear,16.9
Resort Hotel,2015-08-07,34.0,25.0,28.3,0.0,0,39.6,27.4,Partially cloudy,48.2
Resort Hotel,2015-08-08,29.8,22.2,26.2,0.0,0,32.4,16.4,Partially cloudy,73.8
Resort Hotel,2015-08-09,32.0,23.8,28.7,0.0,0,39.6,22.8,Partially cloudy,41.7
Resort Hotel,2015-08-10,28.7,21.1,25.2,0.0,0,32.4,27.3,Partially cloudy,22.7
Resort Hotel,2015-08-11,26.1,20.0,23.1,0.0,0,25.2,21.0,Partially cloudy,53.6
Resort Hotel,2015-08-12,28.8,21.2,24.4,0.0,0,36.0,26.5,Partially cloudy,73.2
Resort Hotel,2015-08-13,29.6,17.8,23.1,0.0,0,43.2,29.2,Partially cloudy,69.6
Resort Hotel,2015-08-14,28.0,17.2,21.6,0.0,0,43.2,32.0,Clear,18.2
Resort Hotel,2015-08-15,29.0,16.0,21.7,0.0,0,46.8,35.6,Partially cloudy,54.2
Resort Hotel,2015-08-16,24.0,18.8,21.8,0.0,0,46.8,35.6,Clear,12.3
Resort Hotel,2015-08-17,25.9,18.8,22.4,0.0,0,32.4,24.2,Clear,3.4
Resort Hotel,2015-08-18,24.0,18.8,21.8,0.0,0,25.2,16.3,Clear,0.0
Resort Hotel,2015-08-19,24.1,18.1,21.3,0.0,0,25.2,21.0,Clear,8.2
Resort Hotel,2015-08-20,30.0,20.2,24.7,0.0,0,32.4,24.6,Clear,14.3
Resort Hotel,2015-08-21,25.1,18.8,22.0,0.0,0,28.8,19.0,Partially cloudy,47.7
Resort Hotel,2015-08-22,27.0,17.9,20.5,0.0,0,39.6,30.3,Partially cloudy,70.3
Resort Hotel,2015-08-23,22.1,17.5,20.3,0.0,0,43.2,38.3,Partially cloudy,29.6
Resort Hotel,2015-08-24,24.1,18.1,20.9,0.0,0,39.6,28.2,Partially cloudy,29.1
Resort Hotel,2015-08-25,25.5,20.1,22.6,0.0,0,28.8,21.0,Clear,0.3
Resort Hotel,2015-08-26,26.4,19.1,22.9,0.0,0,28.8,21.0,Clear,17.1
Resort Hotel,2015-08-27,28.0,19.5,24.2,0.0,0,32.4,25.5,Clear,10.2
Resort Hotel,2015-08-28,29.1,21.3,25.4,0.0,0,21.6,22.3,Clear,0.9
Resort Hotel,2015-08-29,29.0,24.4,26.5,0.0,0,50.4,28.2,Partially cloudy,44.8
Resort Hotel,2015-08-30,27.8,20.1,24.5,0.0,0,36.0,28.2,Partially cloudy,34.9
Resort Hotel,2015-08-31,24.2,19.1,21.6,0.0,0,36.0,26.5,Partially cloudy,35.4
Resort Hotel,2015-09-01,24.0,17.2,21.3,0.0,0,32.4,23.7,Clear,18.8
Resort Hotel,2015-09-02,25.1,18.0,21.4,0.0,0,39.6,25.6,Clear,19.0
Resort Hotel,2015-09-03,23.4,16.0,20.1,0.0,0,46.8,38.9,Partially cloudy,37.6
Resort Hotel,2015-09-04,23.1,16.1,19.6,0.0,0,39.6,36.6,Partially cloudy,71.4
Resort Hotel,2015-09-05,21.2,16.1,19.0,0.0,0,21.6,11.9,Partially cloudy,61.3
Resort Hotel,2015-09-06,23.2,15.9,20.0,0.0,0,21.6,22.0,Clear,15.1
Resort Hotel,2015-09-07,24.0,18.9,21.2,0.0,0,21.6,18.2,Partially cloudy,25.3
Resort Hotel,2015-09-08,23.2,17.8,20.3,0.0,0,21.6,19.9,Partially cloudy,42.0
Resort Hotel,2015-09-09,24.4,18.3,22.0,0.0,0,21.6,13.7,Partially cloudy,31.1
Resort Hotel,2015-09-10,25.1,17.4,21.7,0.0,0,32.4,28.2,Partially cloudy,27.6
Resort Hotel,2015-09-11,23.1,17.9,20.9,0.0,0,21.6,17.3,Partially cloudy,40.8
Resort Hotel,2015-09-12,23.8,18.9,21.5,0.0,0,50.4,34.7,Partially cloudy,44.7
Resort Hotel,2015-09-13,21.5,14.9,18.8,0.0,0,43.2,32.0,Partially cloudy,58.3
Resort Hotel,2015-09-14,23.0,18.1,20.6,0.0,0,32.4,25.6,Partially cloudy,50.0
Resort Hotel,2015-09-15,22.0,14.9,18.8,0.0,0,32.4,23.7,Partially cloudy,44.8
Resort Hotel,2015-09-16,22.0,17.2,19.8,0.4,100,54.0,31.2,"Rain, Partially cloudy",84.8
Resort Hotel,2015-09-17,21.9,13.5,18.5,0.084,100,36.0,30.9,"Rain, Partially cloudy",21.4
Resort Hotel,2015-09-18,26.1,18.1,21.6,0.0,0,43.2,22.9,Partially cloudy,53.5
Resort Hotel,2015-09-19,29.0,17.8,23.5,0.0,0,36.0,22.0,Clear,15.8
Resort Hotel,2015-09-20,26.9,21.1,24.0,0.0,0,36.0,25.6,Partially cloudy,34.7
Resort Hotel,2015-09-21,25.3,20.3,22.8,0.0,0,25.2,18.2,Partially cloudy,41.1
Resort Hotel,2015-09-22,26.0,18.5,22.2,0.0,0,32.4,22.9,Partially cloudy,29.3
Resort Hotel,2015-09-23,22.8,15.6,19.6,0.0,0,32.4,22.9,Partially cloudy,36.2
Resort Hotel,2015-09-24,23.8,17.5,20.1,0.0,0,32.4,27.3,Partially cloudy,23.3
Resort Hotel,2015-09-25,22.8,18.0,20.3,0.0,0,28.8,18.2,Partially cloudy,54.2
Resort Hotel,2015-09-26,24.0,18.5,20.6,0.0,0,21.6,14.6,Partially cloudy,23.7
Resort Hotel,2015-09-27,26.2,17.5,21.8,0.0,0,21.6,15.5,Clear,3.9
Resort Hotel,2015-09-28,26.0,19.4,22.5,0.0,0,43.2,31.8,Clear,11.3
Resort Hotel,2015-09-29,25.1,20.0,22.1,0.0,0,39.6,32.0,Partially cloudy,34.2
Resort Hotel,2015-09-30,23.3,17.9,20.4,0.0,0,21.6,15.5,Partially cloudy,34.9
Resort Hotel,2015-10-01,24.3,15.7,20.8,0.0,0,21.6,16.3,Clear,20.0
Resort Hotel,2015-10-02,25.2,18.6,21.9,0.0,0,25.2,18.2,Partially cloudy,65.0
Resort Hotel,2015-10-03,22.9,18.0,20.5,0.0,0,32.4,24.6,Partially cloudy,67.5
Resort Hotel,2015-10-04,24.0,19.9,22.1,0.4,100,21.6,14.6,"Rain, Partially cloudy",47.8
Resort Hotel,2015-10-05,23.1,19.9,21.6,5.2,100,57.6,32.0,"Rain, Partially cloudy",42.8
Resort Hotel,2015-10-06,22.5,18.9,20.5,5.1,100,50.4,25.6,"Rain, Partially cloudy",48.5
Resort Hotel,2015-10-07,23.1,15.2,18.9,0.0,0,39.6,32.0,Partially cloudy,51.0
Resort Hotel,2015-10-08,22.1,14.0,18.3,0.0,0,32.4,18.4,Clear,19.8
Resort Hotel,2015-10-09,21.2,15.1,18.3,0.0,0,32.4,21.0,Partially cloudy,37.9
Resort Hotel,2015-10-10,19.7,17.2,18.5,10.577,100,39.6,30.3,"Rain, Partially cloudy",71.4
Resort Hotel,2015-10-11,21.2,17.7,19.3,0.6,100,32.4,21.0,"Rain, Partially cloudy",59.5
Resort Hotel,2015-10-12,21.7,18.6,19.7,0.2,100,32.4,25.6,"Rain, Partially cloudy",46.3
Resort Hotel,2015-10-13,21.9,17.8,19.6,1.682,100,21.6,14.6,"Rain, Partially cloudy",53.5
Resort Hotel,2015-10-14,22.0,16.9,19.1,0.0,0,28.8,21.0,Partially cloudy,21.3
Resort Hotel,2015-10-15,22.0,16.0,19.0,0.0,0,21.6,13.7,Partially cloudy,27.4
Resort Hotel,2015-10-16,21.9,15.5,18.9,0.0,0,28.8,17.3,Partially cloudy,50.7
Resort Hotel,2015-10-17,23.2,19.1,20.8,4.5,100,56.8,39.2,"Rain, Partially cloudy",62.2
Resort Hotel,2015-10-18,21.4,17.1,19.0,33.5,100,46.8,19.3,"Rain, Partially cloudy",64.4
Resort Hotel,2015-10-19,23.0,17.8,19.5,16.7,100,54.0,33.0,"Rain, Partially cloudy",58.3
Resort Hotel,2015-10-20,20.8,18.1,19.3,19.1,100,79.2,44.5,"Rain, Partially cloudy",62.4
Resort Hotel,2015-10-21,23.1,17.8,20.3,0.9,100,32.4,19.9,"Rain, Partially cloudy",26.8
Resort Hotel,2015-10-22,22.8,15.9,19.3,0.0,0,32.4,28.2,Partially cloudy,36.0
Resort Hotel,2015-10-23,21.0,16.3,18.6,0.0,0,18.0,11.9,Partially cloudy,78.0
Resort Hotel,2015-10-24,21.2,17.8,18.9,0.832,100,21.6,14.6,"Rain, Partially cloudy",67.7
Resort Hotel,2015-10-25,21.9,18.0,19.9,1.4,100,32.4,27.3,"Rain, Partially cloudy",52.4
Resort Hotel,2015-10-26,21.7,18.8,20.3,4.116,100,36.0,24.6,"Rain, Partially cloudy",41.2
Resort Hotel,2015-10-27,19.8,14.0,17.3,1.268,100,43.2,24.6,"Rain, Partially cloudy",37.4
Resort Hotel,2015-10-28,20.8,14.8,17.9,0.0,0,32.4,21.0,Partially cloudy,35.1
Resort Hotel,2015-10-29,20.8,15.0,17.5,0.0,0,21.6,13.7,Clear,16.9
Resort Hotel,2015-10-30,21.7,14.4,18.1,0.0,0,28.8,22.0,Partially cloudy,34.3
Resort Hotel,2015-10-31,19.9,15.8,17.6,6.582,100,43.2,22.5,"Rain, Partially cloudy",64.7
Resort Hotel,2015-11-01,17.7,13.0,15.4,101.1,100,72.0,43.7,"Rain, Partially cloudy",77.4
Resort Hotel,2015-11-02,18.9,15.1,17.0,3.047,100,61.2,40.2,"Rain, Partially cloudy",63.2
Resort Hotel,2015-11-03,20.0,14.0,17.5,0.0,0,18.0,11.9,Partially cloudy,44.2
Resort Hotel,2015-11-04,20.8,15.0,18.4,0.6,100,36.0,23.7,"Rain, Partially cloudy",49.2
Resort Hotel,2015-11-05,21.0,14.9,18.0,0.1,100,18.0,12.8,"Rain, Partially cloudy",56.7
Resort Hotel,2015-11-06,22.8,15.7,19.2,0.0,0,32.4,23.7,Clear,7.4
Resort Hotel,2015-11-07,23.0,15.9,19.8,0.0,0,32.4,33.0,Clear,5.4
Resort Hotel,2015-11-08,22.0,18.0,20.0,0.0,0,43.2,36.5,Clear,0.0
Resort Hotel,2015-11-09,22.5,15.8,18.5,0.0,0,39.6,23.7,Clear,0.0
Resort Hotel,2015-11-10,21.1,15.1,18.3,0.0,0,32.4,22.0,Clear,4.1
Resort Hotel,2015-11-11,20.8,12.5,16.8,0.0,0,21.6,18.2,Clear,8.6
Resort Hotel,2015-11-12,20.8,12.8,16.7,0.0,0,28.8,18.2,Partially cloudy,56.0
Resort Hotel,2015-11-13,20.8,13.3,16.9,0.0,0,18.0,11.0,Partially cloudy,31.6
Resort Hotel,2015-11-14,21.9,13.4,17.6,0.0,0,39.6,22.8,Clear,2.1
Resort Hotel,2015-11-15,20.7,15.1,17.6,0.0,0,32.4,21.0,Partially cloudy,40.2
Resort Hotel,2015-11-16,20.7,14.2,17.0,0.0,0,21.6,18.2,Partially cloudy,28.4
Resort Hotel,2015-11-17,20.3,12.2,16.5,0.0,0,21.6,17.3,Clear,0.7
Resort Hotel,2015-11-18,20.0,11.4,15.6,0.0,0,18.0,13.7,Clear,5.0
Resort Hotel,2015-11-19,20.1,10.3,15.7,0.0,0,21.6,14.6,Partially cloudy,21.3
Resort Hotel,2015-11-20,20.8,11.5,16.0,0.0,0,0.0,11.0,Partially cloudy,45.0
Resort Hotel,2015-11-21,20.8,12.1,15.6,0.0,0,50.4,35.7,Partially cloudy,30.4
Resort Hotel,2015-11-22,16.8,7.0,12.2,0.0,0,46.8,31.2,Clear,17.0
Resort Hotel,2015-11-23,17.2,9.8,13.0,0.0,0,28.8,20.2,Clear,18.0
Resort Hotel,2015-11-24,16.8,8.8,12.3,0.0,0,21.6,18.2,Clear,14.8
Resort Hotel,2015-11-25,21.8,9.1,15.0,0.0,0,39.6,23.0,Partially cloudy,40.3
Resort Hotel,2015-11-26,21.0,11.0,15.3,0.0,0,32.4,21.0,Clear,13.8
Resort Hotel,2015-11-27,19.7,11.2,15.6,0.0,0,28.8,19.3,Clear,10.4
Resort Hotel,2015-11-28,18.5,9.4,14.4,0.0,0,21.6,16.4,Clear,3.2
Resort Hotel,2015-11-29,20.1,14.1,16.4,0.0,0,42.5,24.6,Clear,11.2
Resort Hotel,2015-11-30,18.1,13.8,15.8,0.0,0,39.6,24.6,Clear,17.8
Resort Hotel,2015-12-01,17.8,14.0,15.7,0.0,0,32.4,19.0,Partially cloudy,43.8
Resort Hotel,2015-12-02,18.0,12.7,14.6,0.0,0,21.6,14.6,Partially cloudy,39.2
Resort Hotel,2015-12-03,20.9,9.4,15.4,0.0,0,32.4,19.0,Partially cloudy,21.9
Resort Hotel,2015-12-04,19.8,10.0,14.9,0.0,0,28.8,18.1,Partially cloudy,77.4
Resort Hotel,2015-12-05,18.3,11.5,14.8,0.0,0,28.8,17.3,Partially cloudy,39.9
Resort Hotel,2015-12-06,17.9,12.1,15.5,0.0,0,36.0,19.9,Partially cloudy,63.3
Resort Hotel,2015-12-07,17.8,14.8,16.1,0.0,0,57.6,23.7,Partially cloudy,65.4
Resort Hotel,2015-12-08,18.0,12.0,15.3,0.0,0,51.8,15.5,Overcast,90.1
Resort Hotel,2015-12-09,19.0,11.9,16.6,0.0,0,36.0,22.9,Overcast,93.0
Resort Hotel,2015-12-10,19.3,14.1,16.9,0.0,0,46.8,29.1,Partially cloudy,69.7
Resort Hotel,2015-12-11,18.0,14.0,15.9,0.0,0,39.6,22.8,Partially cloudy,77.4
Resort Hotel,2015-12-12,19.0,13.9,15.9,0.0,0,36.0,22.9,Partially cloudy,44.0
Resort Hotel,2015-12-13,19.9,15.9,17.8,0.0,0,32.4,22.0,Partially cloudy,59.0
Resort Hotel,2015-12-14,19.9,17.6,18.3,0.0,0,28.8,21.0,Partially cloudy,72.2
Resort Hotel,2015-12-15,19.2,14.6,16.9,0.0,0,32.4,22.0,Partially cloudy,62.5
Resort Hotel,2015-12-16,20.2,14.3,16.5,0.0,0,36.0,21.1,Partially cloudy,86.9
Resort Hotel,2015-12-17,19.0,13.0,15.5,0.0,0,25.2,17.3,Partially cloudy,63.4
Resort Hotel,2015-12-18,18.0,13.0,15.1,0.0,0,25.2,19.9,Partially cloudy,51.0
Resort Hotel,2015-12-19,18.8,11.4,15.2,0.0,0,32.4,24.6,Partially cloudy,33.5
Resort Hotel,2015-12-20,17.6,11.9,15.0,4.0,100,43.2,20.2,"Rain, Partially cloudy",54.3
Resort Hotel,2015-12-21,18.7,10.6,14.3,0.0,0,21.6,15.5,Clear,2.7
Resort Hotel,2015-12-22,18.8,12.0,14.7,0.0,0,18.0,11.9,Partially cloudy,21.8
Resort Hotel,2015-12-23,17.2,10.3,13.3,0.0,0,18.0,13.7,Partially cloudy,60.3
Resort Hotel,2015-12-24,17.1,11.8,14.3,0.0,0,21.6,14.6,Partially cloudy,44.4
Resort Hotel,2015-12-25,16.1,10.9,13.7,0.0,0,28.8,22.0,Partially cloudy,36.2
Resort Hotel,2015-12-26,17.0,13.1,15.0,0.0,0,36.0,24.6,Partially cloudy,67.1
Resort Hotel,2015-12-27,19.0,13.0,16.2,0.0,0,54.0,35.6,Partially cloudy,52.0
Resort Hotel,2015-12-28,19.0,15.6,17.8,24.668,100,50.4,33.0,"Rain, Partially cloudy",58.8
Resort Hotel,2015-12-29,18.0,11.7,14.7,0.1,100,0.0,9.2,"Rain, Partially cloudy",46.5
Resort Hotel,2015-12-30,19.2,12.2,16.0,0.0,0,25.2,19.3,Partially cloudy,71.1
Resort Hotel,2015-12-31,19.1,15.0,17.2,5.6,100,39.6,26.5,"Rain, Partially cloudy",83.1
Resort Hotel,2016-01-01,19.0,14.7,17.0,1.3,100,50.4,33.0,"Rain, Partially cloudy",73.4
Resort Hotel,2016-01-02,17.2,13.0,14.5,0.5,100,25.2,11.0,"Rain, Partially cloudy",85.9
Resort Hotel,2016-01-03,17.9,12.9,16.1,0.3,100,46.8,32.7,"Rain, Partially cloudy",87.5
Resort Hotel,2016-01-04,18.7,16.7,17.6,0.9,100,66.5,41.1,"Rain, Partially cloudy",88.7
Resort Hotel,2016-01-05,15.9,9.8,12.9,10.484,100,86.4,39.2,"Rain, Partially cloudy",33.8
Resort Hotel,2016-01-06,17.0,8.2,13.1,0.1,100,36.0,27.3,"Rain, Partially cloudy",51.6
Resort Hotel,2016-01-07,17.0,15.8,16.4,0.0,0,36.0,26.4,Partially cloudy,85.3
Resort Hotel,2016-01-08,17.1,14.7,16.5,2.216,100,50.4,33.0,"Rain, Partially cloudy",83.4
Resort Hotel,2016-01-09,17.1,10.7,14.8,4.1,100,43.2,30.3,"Rain, Partially cloudy",42.7
Resort Hotel,2016-01-10,18.0,16.0,16.8,0.3,100,61.2,39.2,"Rain, Partially cloudy",58.6
Resort Hotel,2016-01-11,17.8,11.8,15.1,0.7,100,57.6,35.6,"Rain, Partially cloudy",76.0
Resort Hotel,2016-01-12,16.0,8.4,12.2,0.0,0,18.0,12.6,Partially cloudy,56.5
Resort Hotel,2016-01-13,16.6,9.8,12.9,0.0,0,32.4,22.8,Partially cloudy,64.5
Resort Hotel,2016-01-14,16.9,12.9,14.6,0.0,0,25.2,15.5,Partially cloudy,54.2
Resort Hotel,2016-01-15,17.1,9.9,13.5,0.0,0,43.2,25.6,Partially cloudy,27.9
Resort Hotel,2016-01-16,15.3,9.8,11.9,0.0,0,46.8,34.5,Partially cloudy,25.9
Resort Hotel,2016-01-17,14.6,8.8,11.2,0.0,0,43.2,26.5,Partially cloudy,81.6
Resort Hotel,2016-01-18,17.0,8.0,12.2,0.0,0,32.4,22.0,Partially cloudy,44.2
Resort Hotel,2016-01-19,15.8,7.5,12.2,1.882,100,25.2,18.2,"Rain, Partially cloudy",65.3
Resort Hotel,2016-01-20,17.1,12.9,15.0,0.643,100,61.2,25.6,"Rain, Partially cloudy",62.6
Resort Hotel,2016-01-21,17.7,13.9,15.6,1.8,100,18.0,11.8,"Rain, Partially cloudy",77.5
Resort Hotel,2016-01-22,18.9,14.8,16.2,0.0,0,32.4,21.0,Partially cloudy,79.8
Resort Hotel,2016-01-23,17.9,14.8,16.2,0.0,0,32.4,23.7,Partially cloudy,88.2
Resort Hotel,2016-01-24,17.8,14.9,16.0,0.0,0,28.8,21.7,Partially cloudy,83.0
Resort Hotel,2016-01-25,17.8,11.1,15.0,2.195,100,32.4,22.8,"Rain, Partially cloudy",55.8
Resort Hotel,2016-01-26,16.9,8.7,12.6,0.1,100,32.4,13.7,"Rain, Partially cloudy",21.1
Resort Hotel,2016-01-27,15.2,8.7,12.1,0.0,0,0.0,11.0,Partially cloudy,48.8
Resort Hotel,2016-01-28,16.0,10.2,12.7,0.3,100,18.0,10.1,"Rain, Partially cloudy",47.0
Resort Hotel,2016-01-29,16.1,9.1,12.3,0.0,0,39.6,22.0,Clear,8.3
Resort Hotel,2016-01-30,17.8,9.7,13.3,0.0,0,28.8,20.2,Clear,12.5
Resort Hotel,2016-01-31,17.7,9.4,13.3,0.0,0,25.2,14.6,Clear,4.0
Resort Hotel,2016-02-01,19.9,10.3,14.8,0.0,0,18.0,13.7,Partially cloudy,23.5
Resort Hotel,2016-02-02,17.8,10.4,13.7,0.0,0,18.0,13.3,Partially cloudy,76.5
Resort Hotel,2016-02-03,16.7,9.2,13.2,0.0,0,25.2,16.3,Partially cloudy,87.4
Resort Hotel,2016-02-04,18.2,12.8,15.2,0.0,0,57.6,32.0,Partially cloudy,83.7
Resort Hotel,2016-02-05,16.9,12.9,14.7,0.0,0,43.2,25.5,Partially cloudy,49.9
Resort Hotel,2016-02-06,17.8,14.5,16.1,0.0,0,46.8,30.0,Partially cloudy,52.2
Resort Hotel,2016-02-07,17.1,10.5,14.8,2.7,100,57.6,34.7,"Rain, Partially cloudy",56.2
Resort Hotel,2016-02-08,17.1,9.5,13.8,0.0,0,25.2,14.6,Partially cloudy,65.6
Resort Hotel,2016-02-09,18.0,13.8,15.5,0.9,100,57.6,35.6,"Rain, Partially cloudy",83.7
Resort Hotel,2016-02-10,17.0,15.0,15.9,1.0,100,43.2,30.9,"Rain, Partially cloudy",83.1
Resort Hotel,2016-02-11,18.0,13.8,16.0,3.895,100,43.2,30.9,"Rain, Partially cloudy",59.0
Resort Hotel,2016-02-12,17.1,13.4,15.6,0.0,0,54.0,32.0,Partially cloudy,79.8
Resort Hotel,2016-02-13,17.1,14.8,15.8,0.0,0,50.4,39.2,Partially cloudy,74.8
Resort Hotel,2016-02-14,16.8,9.0,13.6,0.3,100,83.2,49.4,"Rain, Partially cloudy",43.0
Resort Hotel,2016-02-15,16.0,8.9,12.4,0.0,0,75.6,42.5,Clear,12.7
Resort Hotel,2016-02-16,14.1,6.3,10.1,0.0,0,49.4,29.2,Clear,6.7
Resort Hotel,2016-02-17,14.1,5.4,10.4,0.2,100,36.0,22.9,"Rain, Partially cloudy",25.8
Resort Hotel,2016-02-18,14.0,9.0,11.1,3.2,100,46.8,24.7,"Rain, Partially cloudy",79.3
Resort Hotel,2016-02-19,16.0,8.0,12.2,0.0,0,39.6,25.6,Partially cloudy,51.2
Resort Hotel,2016-02-20,17.3,10.9,13.8,1.2,100,57.6,24.6,"Rain, Partially cloudy",20.4
Resort Hotel,2016-02-21,17.8,12.0,14.6,0.0,0,43.2,28.2,Partially cloudy,58.2
Resort Hotel,2016-02-22,17.1,10.5,14.0,0.0,0,18.0,11.9,Partially cloudy,34.1
Resort Hotel,2016-02-23,18.8,8.8,12.8,0.0,0,32.4,24.6,Partially cloudy,24.1
Resort Hotel,2016-02-24,16.3,7.9,12.1,0.0,0,46.8,33.5,Partially cloudy,71.0
Resort Hotel,2016-02-25,15.9,9.7,12.5,0.0,0,32.4,23.7,Partially cloudy,50.2
Resort Hotel,2016-02-26,14.9,8.0,11.1,5.5,100,93.6,46.4,"Rain, Partially cloudy",69.2
Resort Hotel,2016-02-27,12.1,5.9,8.5,3.4,100,57.6,37.5,"Rain, Partially cloudy",39.9
Resort Hotel,2016-02-28,16.4,7.0,11.4,0.0,0,57.6,33.8,Clear,14.0
Resort Hotel,2016-02-29,18.0,8.3,12.6,0.0,0,46.8,23.8,Clear,1.4
Resort Hotel,2016-03-01,17.0,6.4,12.0,0.0,0,21.6,15.5,Clear,0.0
Resort Hotel,2016-03-02,18.2,9.0,13.5,0.0,0,36.0,23.8,Clear,4.2
Resort Hotel,2016-03-03,16.1,9.9,13.4,0.0,0,39.6,20.3,Clear,1.0
Resort Hotel,2016-03-04,18.2,8.8,13.1,0.0,0,43.2,29.4,Partially cloudy,23.3
Resort Hotel,2016-03-05,17.0,6.9,11.9,0.0,0,46.8,32.1,Partially cloudy,22.1
Resort Hotel,2016-03-06,16.8,7.0,11.5,0.0,0,43.2,28.5,Clear,7.9
Resort Hotel,2016-03-07,16.7,7.8,12.0,0.1,100,72.0,38.3,"Rain, Partially cloudy",39.0
Resort Hotel,2016-03-08,18.0,8.8,12.8,0.0,0,43.2,24.7,Clear,8.6
Resort Hotel,2016-03-09,18.0,8.0,13.2,0.0,0,39.6,26.5,Partially cloudy,46.4
Resort Hotel,2016-03-10,18.0,9.8,13.1,0.0,0,62.9,36.9,Clear,12.4
Resort Hotel,2016-03-11,16.0,8.7,12.5,0.0,0,25.2,16.4,Clear,4.9
Resort Hotel,2016-03-12,18.0,5.8,12.6,0.0,0,32.4,14.6,Clear,4.1
Resort Hotel,2016-03-13,16.3,6.9,12.5,0.0,0,21.6,17.3,Partially cloudy,30.5
Resort Hotel,2016-03-14,15.4,7.6,12.4,0.0,0,32.4,30.0,Partially cloudy,34.1
Resort Hotel,2016-03-15,17.1,9.8,13.5,2.2,100,43.2,22.0,"Rain, Partially cloudy",82.7
Resort Hotel,2016-03-16,16.8,8.0,12.7,0.1,100,32.4,21.0,Rain,12.2
Resort Hotel,2016-03-17,16.0,8.3,12.7,0.0,0,21.6,15.5,Partially cloudy,47.7
Resort Hotel,2016-03-18,15.9,10.8,13.5,0.5,100,32.4,15.5,"Rain, Partially cloudy",54.2
Resort Hotel,2016-03-19,16.3,9.1,13.3,0.1,100,34.8,25.6,"Rain, Partially cloudy",34.8
Resort Hotel,2016-03-20,15.3,9.3,12.9,0.4,100,21.6,15.5,"Rain, Partially cloudy",43.6
Resort Hotel,2016-03-21,15.3,7.1,12.2,0.3,100,28.8,25.6,"Rain, Partially cloudy",32.1
Resort Hotel,2016-03-22,18.1,9.8,13.4,0.0,0,46.8,33.0,Partially cloudy,40.8
Resort Hotel,2016-03-23,16.4,10.0,12.9,0.1,100,32.4,22.9,"Rain, Partially cloudy",43.7
Resort Hotel,2016-03-24,20.0,8.9,14.8,0.0,0,32.4,21.7,Clear,1.8
Resort Hotel,2016-03-25,16.1,8.8,13.7,0.0,0,25.2,23.7,Clear,6.5
Resort Hotel,2016-03-26,17.0,8.4,13.6,0.0,0,32.4,24.6,Partially cloudy,57.8
Resort Hotel,2016-03-27,17.8,11.8,14.9,0.1,100,36.0,26.5,"Rain, Partially cloudy",42.3
Resort Hotel,2016-03-28,16.8,8.5,13.0,0.0,0,39.6,28.2,Partially cloudy,40.5
Resort Hotel,2016-03-29,17.3,9.1,13.9,0.0,0,28.8,19.3,Partially cloudy,29.6
Resort Hotel,2016-03-30,17.5,10.1,14.2,0.0,0,46.6,27.3,Partially cloudy,43.5
Resort Hotel,2016-03-31,18.3,8.4,13.3,0.0,0,54.0,31.3,Clear,15.8
Resort Hotel,2016-04-01,17.1,9.8,13.6,0.0,0,36.0,24.7,Clear,2.2
Resort Hotel,2016-04-02,15.9,8.5,12.9,0.0,0,28.8,22.9,Partially cloudy,54.9
Resort Hotel,2016-04-03,17.2,12.0,14.5,0.1,100,43.2,29.2,"Rain, Partially cloudy",57.5
Resort Hotel,2016-04-04,15.7,12.8,14.4,1.8,100,54.0,41.0,"Rain, Partially cloudy",83.0
Resort Hotel,2016-04-05,20.2,10.7,14.8,0.0,0,50.4,31.2,Partially cloudy,38.1
Resort Hotel,2016-04-06,19.3,11.1,15.6,0.0,0,63.0,23.7,Clear,7.4
Resort Hotel,2016-04-07,19.5,11.8,16.3,0.0,0,21.6,18.9,Partially cloudy,20.7
Resort Hotel,2016-04-08,21.0,12.0,16.8,0.0,0,50.4,26.5,Partially cloudy,60.1
Resort Hotel,2016-04-09,18.8,10.6,14.7,0.0,0,43.2,31.2,Partially cloudy,30.1
Resort Hotel,2016-04-10,17.0,11.2,13.7,0.3,100,57.6,36.5,"Rain, Partially cloudy",44.1
Resort Hotel,2016-04-11,16.9,11.2,14.2,3.311,100,54.0,26.5,"Rain, Partially cloudy",44.9
Resort Hotel,2016-04-12,16.9,13.0,14.9,4.7,100,39.6,24.0,"Rain, Partially cloudy",49.3
Resort Hotel,2016-04-13,18.2,11.9,15.5,0.3,100,36.0,16.4,"Rain, Partially cloudy",35.2
Resort Hotel,2016-04-14,18.9,14.7,16.4,0.0,0,25.2,18.2,Partially cloudy,26.2
Resort Hotel,2016-04-15,19.0,15.0,16.4,5.546,100,39.6,32.0,"Rain, Partially cloudy",51.5
Resort Hotel,2016-04-16,18.9,14.9,16.7,2.4,100,43.2,26.4,"Rain, Partially cloudy",72.0
Resort Hotel,2016-04-17,17.6,12.8,15.3,0.0,0,28.8,19.9,Partially cloudy,43.3
Resort Hotel,2016-04-18,19.5,12.1,16.4,0.111,100,32.4,26.4,"Rain, Partially cloudy",43.9
Resort Hotel,2016-04-19,18.8,15.0,16.7,10.2,100,50.4,24.7,"Rain, Partially cloudy",45.2
Resort Hotel,2016-04-20,17.1,12.0,14.8,6.8,100,44.9,24.6,"Rain, Partially cloudy",35.0
Resort Hotel,2016-04-21,18.1,12.1,15.6,0.0,0,21.6,11.9,Partially cloudy,46.9
Resort Hotel,2016-04-22,19.0,14.0,16.6,0.0,0,18.0,11.9,Partially cloudy,46.7
Resort Hotel,2016-04-23,19.3,16.1,17.5,0.0,0,25.2,18.2,Partially cloudy,77.4
Resort Hotel,2016-04-24,21.1,15.0,18.1,0.0,0,32.4,22.9,Partially cloudy,21.1
Resort Hotel,2016-04-25,24.9,16.1,20.0,0.0,0,32.4,22.0,Clear,9.4
Resort Hotel,2016-04-26,21.1,16.8,19.1,0.0,0,28.8,24.6,Partially cloudy,31.9
Resort Hotel,2016-04-27,19.1,12.8,16.4,0.0,0,32.4,27.3,Partially cloudy,76.5
Resort Hotel,2016-04-28,19.9,12.2,16.3,0.0,0,28.8,25.6,Partially cloudy,50.3
Resort Hotel,2016-04-29,20.6,14.8,17.9,0.0,0,36.0,19.9,Partially cloudy,63.5
Resort Hotel,2016-04-30,22.1,14.1,19.5,0.0,0,28.8,21.0,Clear,13.7
Resort Hotel,2016-05-01,25.0,18.6,21.4,0.0,0,46.8,29.1,Clear,0.0
Resort Hotel,2016-05-02,26.8,17.2,21.2,0.0,0,50.4,31.8,Clear,0.0
Resort Hotel,2016-05-03,26.1,15.1,20.9,0.0,0,46.8,33.8,Clear,13.8
Resort Hotel,2016-05-04,21.9,17.7,19.5,0.38,100,43.2,30.0,"Rain, Partially cloudy",67.8
Resort Hotel,2016-05-05,19.0,16.0,17.6,34.692,100,39.6,26.2,"Rain, Partially cloudy",69.3
Resort Hotel,2016-05-06,19.0,14.9,16.4,2.1,100,39.6,29.1,"Rain, Partially cloudy",65.4
Resort Hotel,2016-05-07,18.0,12.1,15.3,18.0,100,57.6,44.6,"Rain, Partially cloudy",79.2
Resort Hotel,2016-05-08,19.0,14.1,16.6,23.9,100,61.2,33.0,"Rain, Partially cloudy",50.9
Resort Hotel,2016-05-09,18.0,15.6,16.7,1.5,100,46.8,33.9,"Rain, Partially cloudy",35.9
Resort Hotel,2016-05-10,18.7,14.0,16.1,12.061,100,72.0,32.0,"Rain, Partially cloudy",50.5
Resort Hotel,2016-05-11,18.0,12.9,15.8,17.477,100,50.4,44.6,"Rain, Partially cloudy",49.4
Resort Hotel,2016-05-12,18.8,14.8,16.3,3.073,100,64.8,38.3,"Rain, Partially cloudy",45.0
Resort Hotel,2016-05-13,21.3,11.9,15.9,2.064,100,43.2,32.0,"Rain, Partially cloudy",21.1
Resort Hotel,2016-05-14,21.1,12.0,16.6,0.0,0,43.2,27.4,Partially cloudy,20.6
Resort Hotel,2016-05-15,21.0,12.4,17.5,0.0,0,28.8,21.0,Clear,8.7
Resort Hotel,2016-05-16,24.6,18.3,21.5,0.0,0,25.2,21.0,Partially cloudy,37.2
Resort Hotel,2016-05-17,25.1,20.7,22.8,0.0,0,28.8,19.3,Partially cloudy,50.1
Resort Hotel,2016-05-18,22.3,16.7,20.2,0.0,0,25.2,17.3,Clear,5.5
Resort Hotel,2016-05-19,24.4,14.8,19.9,0.0,0,25.2,19.3,Clear,0.6
Resort Hotel,2016-05-20,26.8,19.1,22.6,0.0,0,36.0,28.2,Clear,0.0
Resort Hotel,2016-05-21,23.2,17.1,20.3,0.0,0,32.4,27.3,Partially cloudy,24.5
Resort Hotel,2016-05-22,24.8,15.7,19.5,0.0,0,32.4,28.2,Partially cloudy,54.7
Resort Hotel,2016-05-23,25.0,13.0,20.3,0.0,0,25.2,17.3,Partially cloudy,37.5
Resort Hotel,2016-05-24,21.2,16.2,18.7,0.0,0,0.0,32.0,Partially cloudy,51.1
Resort Hotel,2016-05-25,20.2,15.0,17.6,0.0,0,0.0,22.9,Partially cloudy,45.2
Resort Hotel,2016-05-26,20.3,14.0,17.7,0.0,0,0.0,19.3,Partially cloudy,29.1
Resort Hotel,2016-05-27,21.3,14.3,18.3,0.0,0,18.0,18.2,Partially cloudy,26.2
Resort Hotel,2016-05-28,20.3,16.5,18.6,2.418,100,39.6,37.4,"Rain, Partially cloudy",36.4
Resort Hotel,2016-05-29,20.2,14.2,17.8,0.1,100,0.0,33.0,"Rain, Partially cloudy",26.3
Resort Hotel,2016-05-30,25.3,13.2,18.7,0.0,0,25.2,30.9,Clear,14.4
Resort Hotel,2016-05-31,26.8,15.8,21.0,0.0,0,28.8,20.2,Clear,4.9
Resort Hotel,2016-06-01,27.0,18.2,22.9,0.0,0,21.6,22.0,Partially cloudy,27.4
Resort Hotel,2016-06-02,25.5,18.4,22.1,0.0,0,0.0,16.4,Partially cloudy,67.1
Resort Hotel,2016-06-03,21.8,16.0,19.1,0.0,0,0.0,35.6,Clear,12.6
Resort Hotel,2016-06-04,21.8,14.0,18.6,0.0,0,0.0,35.6,Clear,17.2
Resort Hotel,2016-06-05,23.0,16.0,19.9,0.0,0,18.0,27.3,Partially cloudy,34.8
Resort Hotel,2016-06-06,25.2,17.2,21.8,0.0,0,0.0,21.0,Partially cloudy,39.1
Resort Hotel,2016-06-07,30.8,20.7,25.6,0.0,0,0.0,24.6,Clear,0.1
Resort Hotel,2016-06-08,29.0,21.0,25.6,0.0,0,0.0,19.8,Clear,13.0
Resort Hotel,2016-06-09,33.8,22.0,27.1,0.0,0,18.0,30.9,Partially cloudy,70.5
Resort Hotel,2016-06-10,27.0,19.8,22.6,0.0,0,0.0,33.0,Partially cloudy,61.1
Resort Hotel,2016-06-11,30.2,16.0,22.7,0.0,0,42.5,33.9,Clear,14.9
Resort Hotel,2016-06-12,30.0,17.0,23.0,0.0,0,18.0,26.5,Partially cloudy,52.9
Resort Hotel,2016-06-13,34.0,21.0,26.9,0.0,0,39.6,28.5,Clear,13.6
Resort Hotel,2016-06-14,29.8,18.0,22.8,0.0,0,0.0,32.1,Clear,18.4
Resort Hotel,2016-06-15,23.0,17.0,19.5,0.0,0,0.0,35.6,Partially cloudy,36.8
Resort Hotel,2016-06-16,23.0,14.3,18.8,0.0,0,21.6,34.7,Clear,14.1
Resort Hotel,2016-06-17,25.3,15.0,19.9,0.0,0,21.6,25.0,Clear,6.9
Resort Hotel,2016-06-18,29.8,17.0,22.0,0.0,0,40.7,27.0,Clear,0.0
Resort Hotel,2016-06-19,27.3,21.8,24.0,0.0,0,39.6,29.2,Clear,0.8
Resort Hotel,2016-06-20,28.3,22.0,24.6,0.0,0,21.6,23.7,Clear,0.0
Resort Hotel,2016-06-21,29.0,21.0,24.9,0.0,0,31.7,28.2,Clear,0.0
Resort Hotel,2016-06-22,26.2,20.0,23.2,0.0,0,50.0,34.5,Clear,1.8
Resort Hotel,2016-06-23,24.2,20.0,21.9,0.0,0,0.0,24.6,Partially cloudy,44.0
Resort Hotel,2016-06-24,30.2,20.0,24.1,0.0,0,0.0,27.3,Clear,0.0
Resort Hotel,2016-06-25,26.2,18.2,22.5,0.0,0,0.0,29.2,Clear,6.5
Resort Hotel,2016-06-26,23.8,18.5,21.6,0.0,0,0.0,22.0,Clear,16.1
Resort Hotel,2016-06-27,26.3,19.0,22.3,0.0,0,0.0,22.0,Clear,15.8
Resort Hotel,2016-06-28,29.0,22.0,25.2,0.0,0,0.0,25.6,Partially cloudy,22.9
Resort Hotel,2016-06-29,27.0,20.3,23.7,0.0,0,0.0,17.3,Clear,0.4
Resort Hotel,2016-06-30,32.0,20.3,24.9,0.0,0,0.0,28.2,Clear,0.0
Resort Hotel,2016-07-01,28.3,18.0,23.1,0.0,0,0.0,18.1,Clear,0.0
Resort Hotel,2016-07-02,30.0,20.2,24.6,0.0,0,0.0,22.0,Clear,0.0
Resort Hotel,2016-07-03,30.8,23.8,27.6,0.0,0,0.0,16.3,Clear,3.2
Resort Hotel,2016-07-04,26.0,21.3,23.5,0.0,0,0.0,24.6,Partially cloudy,50.4
Resort Hotel,2016-07-05,25.0,20.5,22.5,0.0,0,0.0,16.3,Partially cloudy,38.0
Resort Hotel,2016-07-06,24.0,18.8,21.2,0.0,0,0.0,22.0,Partially cloudy,73.8
Resort Hotel,2016-07-07,23.2,19.0,20.8,0.0,0,0.0,19.3,Partially cloudy,41.7
Resort Hotel,2016-07-08,31.2,19.0,24.3,0.0,0,0.0,17.3,Partially cloudy,22.9
Resort Hotel,2016-07-09,32.5,23.6,29.4,0.0,0,0.0,23.7,Clear,4.6
Resort Hotel,2016-07-10,31.0,22.8,27.4,0.0,0,0.0,23.7,Clear,0.0
Resort Hotel,2016-07-11,37.0,23.0,29.1,0.0,0,0.0,25.6,Clear,2.4
Resort Hotel,2016-07-12,34.5,21.0,27.2,0.0,0,0.0,22.9,Clear,2.2
Resort Hotel,2016-07-13,28.0,19.0,24.2,0.0,0,0.0,24.6,Clear,0.0
Resort Hotel,2016-07-14,30.0,22.2,26.0,0.0,0,0.0,22.9,Clear,0.0
Resort Hotel,2016-07-15,30.5,22.6,26.6,0.0,0,18.0,29.6,Clear,0.0
Resort Hotel,2016-07-16,30.3,22.5,26.6,0.0,0,0.0,26.4,Clear,0.0
Resort Hotel,2016-07-17,29.2,23.0,26.2,0.0,0,0.0,24.6,Clear,0.0
Resort Hotel,2016-07-18,27.2,23.0,25.0,0.0,0,0.0,25.6,Clear,1.1
Resort Hotel,2016-07-19,32.0,23.2,27.0,0.0,0,0.0,27.3,Partially cloudy,34.6
Resort Hotel,2016-07-20,29.0,23.8,26.7,0.1,100,0.0,21.1,Rain,16.7
Resort Hotel,2016-07-21,33.2,21.8,27.3,0.0,0,0.0,30.9,Clear,2.3
Resort Hotel,2016-07-22,32.2,20.0,25.1,0.0,0,0.0,33.8,Clear,2.1
Resort Hotel,2016-07-23,29.5,22.5,25.6,0.0,0,0.0,24.6,Clear,0.0
Resort Hotel,2016-07-24,32.0,23.0,26.8,0.0,0,0.0,24.6,Clear,0.0
Resort Hotel,2016-07-25,33.3,24.0,28.5,0.0,0,42.5,28.2,Clear,0.0
Resort Hotel,2016-07-26,31.2,24.3,27.6,0.0,0,0.0,22.0,Clear,0.0
Resort Hotel,2016-07-27,27.2,19.8,24.4,0.0,0,0.0,16.4,Clear,0.0
Resort Hotel,2016-07-28,27.2,21.2,24.0,0.0,0,0.0,22.0,Clear,11.7
Resort Hotel,2016-07-29,28.0,20.5,23.5,0.0,0,0.0,25.6,Partially cloudy,39.4
Resort Hotel,2016-07-30,24.0,20.2,22.3,0.0,0,0.0,30.9,Partially cloudy,56.9
Resort Hotel,2016-07-31,31.8,18.8,24.4,0.0,0,0.0,19.3,Clear,11.6
Resort Hotel,2016-08-01,30.0,19.5,25.9,0.0,0,0.0,23.7,Clear,0.0
Resort Hotel,2016-08-02,26.8,22.2,24.5,0.0,0,0.0,14.6,Clear,0.0
Resort Hotel,2016-08-03,29.8,20.3,24.6,0.0,0,0.0,17.5,Clear,0.0
Resort Hotel,2016-08-04,36.3,21.2,27.7,0.0,0,0.0,26.5,Clear,2.6
Resort Hotel,2016-08-05,32.3,21.0,25.3,0.0,0,0.0,22.8,Partially cloudy,25.5
Resort Hotel,2016-08-06,31.0,23.0,27.3,0.0,0,0.0,26.4,Clear,0.0
Resort Hotel,2016-08-07,31.0,25.0,27.9,0.0,0,29.5,29.2,Clear,0.0
Resort Hotel,2016-08-08,33.5,24.2,27.8,0.0,0,0.0,27.3,Clear,0.0
Resort Hotel,2016-08-09,30.7,24.0,26.8,0.0,0,0.0,24.4,Clear,0.0
Resort Hotel,2016-08-10,27.2,21.0,25.2,0.0,0,0.0,24.6,Clear,15.1
Resort Hotel,2016-08-11,30.5,23.0,26.8,0.0,0,0.0,29.1,Clear,0.0
Resort Hotel,2016-08-12,30.2,23.5,27.0,0.0,0,40.7,34.7,Clear,0.0
Resort Hotel,2016-08-13,30.0,22.2,26.5,0.0,0,0.0,28.2,Clear,0.0
Resort Hotel,2016-08-14,28.2,21.0,25.6,0.0,0,0.0,18.2,Clear,0.0
Resort Hotel,2016-08-15,28.8,23.0,25.5,0.0,0,0.0,13.7,Partially cloudy,35.7
Resort Hotel,2016-08-16,27.5,22.0,25.2,0.0,0,0.0,22.0,Clear,14.3
Resort Hotel,2016-08-17,30.8,21.3,25.5,0.0,0,0.0,33.0,Partially cloudy,37.3
Resort Hotel,2016-08-18,29.0,20.0,24.6,0.0,0,0.0,27.3,Partially cloudy,25.1
Resort Hotel,2016-08-19,30.3,20.0,25.0,0.0,0,0.0,37.4,Clear,11.4
Resort Hotel,2016-08-20,33.0,22.0,26.2,0.0,0,33.5,30.3,Clear,6.1
Resort Hotel,2016-08-21,26.2,19.8,23.3,0.0,0,0.0,16.4,Clear,0.0
Resort Hotel,2016-08-22,30.5,21.3,26.8,0.0,0,33.5,29.2,Clear,0.0
Resort Hotel,2016-08-23,31.5,23.2,27.7,0.0,0,0.0,27.3,Clear,7.3
Resort Hotel,2016-08-24,30.1,24.2,26.6,0.0,0,33.5,30.0,Clear,1.2
Resort Hotel,2016-08-25,30.0,22.8,26.6,0.0,0,29.5,30.0,Clear,11.3
Resort Hotel,2016-08-26,30.2,24.0,26.5,0.0,0,0.0,29.1,Clear,9.0
Resort Hotel,2016-08-27,29.0,23.8,25.8,0.0,0,0.0,21.0,Clear,9.7
Resort Hotel,2016-08-28,32.0,22.5,26.7,0.0,0,0.0,17.3,Clear,1.0
Resort Hotel,2016-08-29,30.8,23.0,27.3,0.0,0,0.0,29.2,Clear,17.8
Resort Hotel,2016-08-30,28.3,19.9,24.0,0.0,0,0.0,33.7,Clear,5.3
Resort Hotel,2016-08-31,24.5,18.2,22.2,0.0,0,0.0,17.5,Clear,11.1
Resort Hotel,2016-09-01,29.0,21.5,25.3,0.0,0,25.9,19.9,Clear,19.5
Resort Hotel,2016-09-02,30.0,23.3,26.2,0.0,0,0.0,18.2,Clear,0.0
Resort Hotel,2016-09-03,32.0,23.2,27.0,0.0,0,0.0,22.0,Partially cloudy,22.1
Resort Hotel,2016-09-04,32.3,25.5,28.8,0.0,0,0.0,27.3,Partially cloudy,25.6
Resort Hotel,2016-09-05,33.5,24.0,28.5,0.0,0,0.0,19.9,Partially cloudy,29.0
Resort Hotel,2016-09-06,32.3,23.0,28.0,0.0,0,0.0,22.0,Clear,18.6
Resort Hotel,2016-09-07,26.8,22.3,24.8,0.0,0,0.0,28.2,Clear,12.2
Resort Hotel,2016-09-08,29.2,21.0,24.4,0.0,0,0.0,32.0,Clear,16.6
Resort Hotel,2016-09-09,29.0,17.8,22.6,0.0,0,0.0,29.2,Clear,8.0
Resort Hotel,2016-09-10,28.8,19.2,24.0,0.0,0,0.0,25.9,Clear,10.8
Resort Hotel,2016-09-11,25.2,19.5,23.0,0.0,0,0.0,14.6,Partially cloudy,35.3
Resort Hotel,2016-09-12,27.0,19.0,22.4,0.0,0,0.0,24.6,Partially cloudy,44.6
Resort Hotel,2016-09-13,26.3,18.8,22.3,8.9,100,0.0,30.3,"Rain, Partially cloudy",55.5
Resort Hotel,2016-09-14,24.3,15.8,19.6,0.0,0,0.0,27.4,Partially cloudy,40.7
Resort Hotel,2016-09-15,26.0,15.0,19.8,0.0,0,0.0,27.4,Clear,18.5
Resort Hotel,2016-09-16,24.0,17.0,20.4,0.0,0,0.0,17.3,Clear,0.0
Resort Hotel,2016-09-17,29.2,18.3,23.6,0.0,0,38.9,24.6,Clear,1.7
Resort Hotel,2016-09-18,27.2,19.2,22.9,0.0,0,0.0,17.3,Clear,2.1
Resort Hotel,2016-09-19,25.5,19.0,22.1,0.0,0,0.0,30.0,Partially cloudy,42.8
Resort Hotel,2016-09-20,22.0,18.2,19.8,0.0,0,0.0,13.0,Partially cloudy,56.3
Resort Hotel,2016-09-21,22.0,15.5,19.3,0.0,0,0.0,19.7,Clear,4.7
Resort Hotel,2016-09-22,23.0,16.0,19.8,0.0,0,0.0,25.6,Clear,16.8
Resort Hotel,2016-09-23,23.0,16.3,19.9,0.0,0,0.0,18.4,Clear,0.0
Resort Hotel,2016-09-24,24.5,16.0,21.0,0.0,0,0.0,20.2,Clear,17.5
Resort Hotel,2016-09-25,24.8,18.0,22.1,0.0,0,0.0,18.2,Partially cloudy,57.3
Resort Hotel,2016-09-26,24.5,20.6,22.8,0.0,0,0.0,19.9,Partially cloudy,74.6
Resort Hotel,2016-09-27,28.3,20.3,25.0,0.0,0,0.0,23.9,Clear,0.4
Resort Hotel,2016-09-28,27.0,20.5,24.0,0.0,0,0.0,24.6,Clear,1.6
Resort Hotel,2016-09-29,29.3,20.0,24.4,0.0,0,40.7,28.2,Clear,7.5
Resort Hotel,2016-09-30,26.2,20.2,23.4,0.0,0,0.0,22.8,Clear,1.5
Resort Hotel,2016-10-01,26.0,19.3,22.3,0.0,0,0.0,17.3,Partially cloudy,29.9
Resort Hotel,2016-10-02,23.5,18.0,21.1,0.0,0,0.0,22.0,Partially cloudy,20.4
Resort Hotel,2016-10-03,23.2,16.5,20.4,0.0,0,0.0,15.8,Partially cloudy,61.7
Resort Hotel,2016-10-04,25.3,16.5,21.6,0.0,0,0.0,22.0,Clear,12.0
Resort Hotel,2016-10-05,25.3,18.7,21.9,0.0,0,0.0,19.3,Clear,5.0
Resort Hotel,2016-10-06,25.0,18.5,21.4,0.0,0,0.0,15.5,Clear,10.6
Resort Hotel,2016-10-07,23.3,15.2,20.0,0.0,0,0.0,15.5,Partially cloudy,31.7
Resort Hotel,2016-10-08,24.8,15.0,20.9,0.0,0,0.0,19.3,Partially cloudy,32.9
Resort Hotel,2016-10-09,23.8,15.0,19.2,0.0,0,0.0,32.0,Partially cloudy,27.7
Resort Hotel,2016-10-10,21.0,12.8,17.6,0.0,0,0.0,19.9,Clear,1.6
Resort Hotel,2016-10-11,22.0,14.8,18.3,0.0,0,0.0,35.6,Clear,8.8
Resort Hotel,2016-10-12,20.0,17.8,18.9,3.716,100,0.0,28.2,"Rain, Partially cloudy",59.9
Resort Hotel,2016-10-13,21.8,13.8,17.6,0.3,100,0.0,30.0,"Rain, Partially cloudy",34.8
Resort Hotel,2016-10-14,21.5,14.0,17.7,0.0,0,0.0,27.3,Clear,7.4
Resort Hotel,2016-10-15,20.3,11.7,16.7,0.0,0,0.0,14.6,Partially cloudy,21.7
Resort Hotel,2016-10-16,21.8,12.9,17.5,0.0,0,0.0,22.0,Partially cloudy,46.8
Resort Hotel,2016-10-17,22.6,16.0,19.2,0.0,0,0.0,14.6,Partially cloudy,48.0
Resort Hotel,2016-10-18,26.8,18.2,21.9,0.0,0,0.0,18.2,Partially cloudy,79.2
Resort Hotel,2016-10-19,24.0,18.2,21.5,0.0,0,29.5,18.2,Partially cloudy,77.4
Resort Hotel,2016-10-20,22.0,17.0,19.6,0.0,0,0.0,15.5,Partially cloudy,51.7
Resort Hotel,2016-10-21,21.0,15.5,18.5,2.7,100,0.0,15.5,"Rain, Partially cloudy",61.6
Resort Hotel,2016-10-22,22.2,18.0,20.2,9.6,100,0.0,29.2,"Rain, Partially cloudy",62.7
Resort Hotel,2016-10-23,20.8,16.8,18.7,6.216,100,0.0,34.7,"Rain, Partially cloudy",62.8
Resort Hotel,2016-10-24,20.0,15.0,17.5,41.882,100,0.0,28.7,"Rain, Partially cloudy",64.0
Resort Hotel,2016-10-25,22.0,18.0,19.7,8.0,100,0.0,30.3,"Rain, Partially cloudy",73.7
Resort Hotel,2016-10-26,25.7,19.3,22.5,0.1,100,0.0,21.7,"Rain, Partially cloudy",87.8
Resort Hotel,2016-10-27,25.0,21.8,23.5,0.0,0,44.6,29.1,Partially cloudy,87.8
Resort Hotel,2016-10-28,25.8,20.2,22.3,0.0,0,44.6,35.6,Partially cloudy,68.7
Resort Hotel,2016-10-29,23.3,19.0,21.1,0.0,0,46.4,28.2,Partially cloudy,87.3
Resort Hotel,2016-10-30,23.0,16.3,19.6,0.0,0,38.9,23.7,Partially cloudy,53.4
Resort Hotel,2016-10-31,22.0,17.0,19.4,0.0,0,0.0,28.2,Partially cloudy,42.9
Resort Hotel,2016-11-01,22.6,19.0,20.5,0.0,0,0.0,30.0,Partially cloudy,59.2
Resort Hotel,2016-11-02,21.8,17.8,19.4,0.0,0,0.0,24.6,Partially cloudy,64.5
Resort Hotel,2016-11-03,21.8,16.5,19.2,0.3,100,0.0,25.9,"Rain, Partially cloudy",48.7
Resort Hotel,2016-11-04,21.2,19.0,20.0,2.6,100,50.0,39.2,"Rain, Partially cloudy",59.5
Resort Hotel,2016-11-05,21.6,15.0,18.8,1.4,100,0.0,32.0,"Rain, Partially cloudy",41.1
Resort Hotel,2016-11-06,19.0,10.8,14.9,0.0,0,0.0,15.8,Partially cloudy,38.1
Resort Hotel,2016-11-07,18.0,9.8,13.4,0.0,0,0.0,26.5,Clear,16.7
Resort Hotel,2016-11-08,19.0,8.3,13.0,0.0,0,0.0,18.4,Clear,6.2
Resort Hotel,2016-11-09,20.0,8.0,15.0,0.0,0,0.0,27.7,Partially cloudy,62.0
Resort Hotel,2016-11-10,19.8,12.0,15.7,0.0,0,0.0,19.3,Partially cloudy,25.3
Resort Hotel,2016-11-11,18.8,10.2,14.7,0.0,0,0.0,15.5,Partially cloudy,52.4
Resort Hotel,2016-11-12,22.0,11.2,16.0,0.0,0,0.0,18.2,Partially cloudy,47.9
Resort Hotel,2016-11-13,20.0,13.5,16.6,0.0,0,0.0,21.0,Partially cloudy,49.4
Resort Hotel,2016-11-14,22.0,12.2,16.7,0.0,0,0.0,24.6,Clear,0.0
Resort Hotel,2016-11-15,20.0,14.0,16.6,0.0,0,37.1,30.3,Clear,0.2
Resort Hotel,2016-11-16,20.0,13.3,16.2,0.0,0,40.7,23.8,Clear,0.0
Resort Hotel,2016-11-17,19.2,10.0,15.0,0.0,0,0.0,18.2,Partially cloudy,20.5
Resort Hotel,2016-11-18,20.3,10.5,15.2,0.0,0,0.0,22.0,Partially cloudy,40.8
Resort Hotel,2016-11-19,19.2,11.5,15.3,0.0,0,0.0,24.6,Partially cloudy,34.2
Resort Hotel,2016-11-20,19.2,17.0,17.9,15.8,100,55.4,34.8,"Rain, Partially cloudy",88.0
Resort Hotel,2016-11-21,18.8,12.3,16.3,9.9,100,0.0,39.2,"Rain, Partially cloudy",69.6
Resort Hotel,2016-11-22,16.2,9.8,12.5,1.1,100,0.0,16.6,"Rain, Partially cloudy",49.5
Resort Hotel,2016-11-23,15.2,6.7,10.9,0.0,0,0.0,20.2,Partially cloudy,45.6
Resort Hotel,2016-11-24,15.8,7.3,11.2,0.1,100,0.0,23.7,"Rain, Partially cloudy",41.0
Resort Hotel,2016-11-25,17.3,10.8,14.7,2.452,100,50.4,30.9,"Rain, Partially cloudy",50.6
Resort Hotel,2016-11-26,17.8,9.8,13.2,18.0,100,0.0,24.1,"Rain, Partially cloudy",66.8
Resort Hotel,2016-11-27,16.9,11.0,13.2,23.516,100,0.0,23.8,"Rain, Partially cloudy",55.4
Resort Hotel,2016-11-28,17.2,9.0,13.1,0.0,0,0.0,19.9,Partially cloudy,30.5
Resort Hotel,2016-11-29,16.8,12.8,14.8,0.3,100,0.0,38.3,"Rain, Partially cloudy",69.3
Resort Hotel,2016-11-30,18.8,16.0,17.5,0.0,0,0.0,44.9,Partially cloudy,87.7
Resort Hotel,2016-12-01,18.3,13.8,15.6,35.3,100,0.0,28.2,"Rain, Partially cloudy",73.6
Resort Hotel,2016-12-02,17.0,13.0,15.0,8.0,100,40.7,25.6,"Rain, Partially cloudy",69.3
Resort Hotel,2016-12-03,18.6,15.8,17.4,20.2,100,0.0,38.3,"Rain, Partially cloudy",64.6
Resort Hotel,2016-12-04,18.0,15.8,17.2,14.948,100,0.0,30.9,"Rain, Partially cloudy",64.9
Resort Hotel,2016-12-05,21.0,15.0,16.7,1.7,100,0.0,29.2,"Rain, Partially cloudy",70.8
Resort Hotel,2016-12-06,19.0,12.0,15.6,0.0,0,31.7,20.2,Partially cloudy,31.5
Resort Hotel,2016-12-07,18.8,14.0,16.0,0.0,0,0.0,28.2,Partially cloudy,66.5
Resort Hotel,2016-12-08,17.8,13.0,15.8,0.0,0,0.0,44.6,Partially cloudy,54.0
Resort Hotel,2016-12-09,19.2,15.0,16.9,0.0,0,0.0,35.6,Partially cloudy,62.0
Resort Hotel,2016-12-10,18.0,14.0,16.4,0.0,0,0.0,19.9,Partially cloudy,56.6
Resort Hotel,2016-12-11,17.8,12.3,14.7,0.0,0,0.0,18.2,Partially cloudy,23.9
Resort Hotel,2016-12-12,17.8,10.5,13.8,0.0,0,0.0,11.0,Clear,12.7
Resort Hotel,2016-12-13,16.0,11.0,13.3,0.0,0,0.0,18.2,Partially cloudy,37.5
Resort Hotel,2016-12-14,17.0,11.8,14.8,9.0,100,57.6,29.5,"Rain, Partially cloudy",46.2
Resort Hotel,2016-12-15,15.8,9.0,12.7,5.2,100,59.4,41.0,"Rain, Partially cloudy",50.0
Resort Hotel,2016-12-16,14.0,9.0,11.5,0.4,100,0.0,32.0,"Rain, Partially cloudy",54.4
Resort Hotel,2016-12-17,17.8,9.8,13.0,0.0,0,0.0,29.1,Partially cloudy,39.3
Resort Hotel,2016-12-18,17.2,12.5,14.6,0.0,0,0.0,35.6,Partially cloudy,51.7
Resort Hotel,2016-12-19,17.0,8.8,12.6,0.0,0,42.5,22.0,Partially cloudy,24.7
Resort Hotel,2016-12-20,16.0,6.6,10.8,0.0,0,0.0,17.3,Clear,4.2
Resort Hotel,2016-12-21,15.3,6.1,11.0,0.0,0,0.0,11.9,Clear,13.8
Resort Hotel,2016-12-22,17.0,10.1,13.5,0.0,0,0.0,20.5,Partially cloudy,24.7
Resort Hotel,2016-12-23,18.8,10.6,14.1,0.0,0,0.0,17.5,Clear,0.0
Resort Hotel,2016-12-24,18.0,10.5,14.0,0.0,0,0.0,21.1,Clear,0.9
Resort Hotel,2016-12-25,17.7,11.1,14.0,0.0,0,0.0,22.1,Clear,13.8
Resort Hotel,2016-12-26,16.1,10.1,12.7,0.0,0,0.0,19.2,Partially cloudy,68.7
Resort Hotel,2016-12-27,17.0,9.9,12.7,0.0,0,33.5,17.6,Partially cloudy,60.9
Resort Hotel,2016-12-28,18.7,10.8,14.2,0.0,0,0.0,24.6,Partially cloudy,39.5
Resort Hotel,2016-12-29,17.9,11.7,14.3,0.0,0,27.7,26.8,Clear,8.8
Resort Hotel,2016-12-30,16.0,11.1,13.7,0.0,0,29.5,23.0,Clear,4.7
Resort Hotel,2016-12-31,15.8,10.9,12.8,0.0,0,0.0,23.9,Partially cloudy,24.4
Resort Hotel,2017-01-01,15.1,10.7,13.2,0.0,0,0.0,22.7,Partially cloudy,30.8
Resort Hotel,2017-01-02,18.0,14.8,16.3,3.401,100,48.2,37.9,"Rain, Partially cloudy",51.1
Resort Hotel,2017-01-03,18.8,14.2,16.9,5.084,100,0.0,22.2,"Rain, Partially cloudy",44.4
Resort Hotel,2017-01-04,17.7,11.9,14.3,0.016,100,27.7,16.2,"Rain, Partially cloudy",27.3
Resort Hotel,2017-01-05,17.1,9.8,13.2,0.116,100,0.0,11.5,Rain,3.6
Resort Hotel,2017-01-06,16.9,9.2,13.0,0.016,100,31.7,18.6,"Rain, Partially cloudy",55.8
Resort Hotel,2017-01-07,16.2,10.6,12.9,0.0,0,0.0,21.7,Partially cloudy,36.8
Resort Hotel,2017-01-08,16.0,9.3,11.8,0.0,0,0.0,16.7,Partially cloudy,75.0
Resort Hotel,2017-01-09,15.9,5.2,11.0,0.0,0,0.0,12.7,Partially cloudy,27.1
Resort Hotel,2017-01-10,18.0,7.9,12.8,0.0,0,0.0,26.5,Partially cloudy,47.7
Resort Hotel,2017-01-11,17.8,10.5,13.5,0.0,0,0.0,27.8,Partially cloudy,21.3
Resort Hotel,2017-01-12,17.7,10.8,13.8,0.0,0,0.0,13.4,Clear,3.3
Resort Hotel,2017-01-13,15.6,9.8,12.5,0.0,0,50.0,26.7,Clear,8.7
Resort Hotel,2017-01-14,15.2,6.2,10.4,0.0,0,0.0,18.5,Partially cloudy,24.6
Resort Hotel,2017-01-15,15.9,7.7,11.1,0.0,0,31.7,31.4,Clear,0.4
Resort Hotel,2017-01-16,16.5,8.0,11.6,0.0,0,0.0,15.7,Clear,0.4
Resort Hotel,2017-01-17,17.6,6.3,11.7,0.0,0,0.0,25.5,Clear,0.0
Resort Hotel,2017-01-18,12.0,3.8,7.8,0.0,0,0.0,34.7,Clear,1.7
Resort Hotel,2017-01-19,12.0,3.2,6.8,0.0,0,0.0,19.5,Partially cloudy,36.6
Resort Hotel,2017-01-20,12.3,3.3,7.8,0.0,0,0.0,23.5,Clear,13.1
Resort Hotel,2017-01-21,15.6,5.9,9.9,0.0,0,31.7,16.0,Clear,10.6
Resort Hotel,2017-01-22,15.7,6.7,10.6,0.51,100,0.0,21.6,Rain,8.1
Resort Hotel,2017-01-23,16.5,5.2,10.3,0.0,0,0.0,22.8,Clear,1.5
Resort Hotel,2017-01-24,15.8,4.4,9.7,0.0,0,0.0,14.9,Clear,9.1
Resort Hotel,2017-01-25,14.3,3.3,9.9,0.0,0,0.0,12.9,Partially cloudy,31.6
Resort Hotel,2017-01-26,15.0,12.1,13.8,18.576,100,0.0,39.4,"Rain, Partially cloudy",49.2
Resort Hotel,2017-01-27,16.0,9.7,12.9,6.304,100,82.8,38.2,"Rain, Partially cloudy",47.5
Resort Hotel,2017-01-28,15.8,6.9,11.4,0.0,0,0.0,14.3,Partially cloudy,44.3
Resort Hotel,2017-01-29,15.5,8.0,12.0,0.0,0,0.0,11.0,Partially cloudy,33.9
Resort Hotel,2017-01-30,16.0,8.2,12.1,0.032,100,0.0,14.6,"Rain, Partially cloudy",33.2
Resort Hotel,2017-01-31,15.8,10.9,13.5,2.947,100,0.0,23.0,"Rain, Partially cloudy",32.8
Resort Hotel,2017-02-01,16.1,9.3,13.5,0.184,100,0.0,17.6,"Rain, Partially cloudy",32.1
Resort Hotel,2017-02-02,17.1,13.1,15.3,3.887,100,0.0,32.0,"Rain, Partially cloudy",43.2
Resort Hotel,2017-02-03,17.1,14.1,15.7,0.0,0,0.0,22.7,Partially cloudy,33.2
Resort Hotel,2017-02-04,17.2,15.3,16.2,0.744,100,0.0,33.7,"Rain, Partially cloudy",40.5
Resort Hotel,2017-02-05,17.7,10.7,15.0,0.336,100,0.0,35.9,"Rain, Partially cloudy",31.7
Resort Hotel,2017-02-06,16.1,7.2,11.8,0.0,0,0.0,16.4,Clear,17.5
Resort Hotel,2017-02-07,16.0,8.1,12.7,0.0,0,0.0,25.0,Partially cloudy,62.6
Resort Hotel,2017-02-08,16.1,8.4,11.6,0.0,0,0.0,14.7,Clear,15.6
Resort Hotel,2017-02-09,14.4,8.3,11.4,0.275,100,0.0,22.4,"Rain, Partially cloudy",71.2
Resort Hotel,2017-02-10,12.0,8.2,10.5,3.459,100,0.0,24.3,"Rain, Partially cloudy",42.5
Resort Hotel,2017-02-11,13.7,8.7,11.1,38.274,100,0.0,40.0,"Rain, Partially cloudy",41.6
Resort Hotel,2017-02-12,15.1,11.1,13.5,14.445,100,0.0,33.7,"Rain, Partially cloudy",41.9
Resort Hotel,2017-02-13,16.1,9.5,13.4,3.545,100,44.6,26.9,"Rain, Partially cloudy",29.3
Resort Hotel,2017-02-14,16.7,12.0,14.1,15.895,100,0.0,18.6,"Rain, Partially cloudy",38.1
Resort Hotel,2017-02-15,17.9,12.4,14.9,0.0,0,0.0,28.2,Partially cloudy,64.9
Resort Hotel,2017-02-16,17.1,13.0,14.8,0.0,0,0.0,27.2,Partially cloudy,55.4
Resort Hotel,2017-02-17,17.9,11.0,13.9,0.0,0,0.0,21.6,Partially cloudy,38.8
Resort Hotel,2017-02-18,19.2,9.1,13.8,0.016,100,0.0,21.9,"Rain, Partially cloudy",53.7
Resort Hotel,2017-02-19,17.2,10.6,13.6,1.86,100,50.0,33.0,"Rain, Partially cloudy",36.0
Resort Hotel,2017-02-20,16.2,10.9,13.6,0.0,0,0.0,25.5,Partially cloudy,51.9
Resort Hotel,2017-02-21,18.0,13.0,15.1,0.0,0,0.0,29.0,Clear,16.1
Resort Hotel,2017-02-22,19.1,11.1,14.8,0.0,0,40.7,23.5,Clear,10.4
Resort Hotel,2017-02-23,16.8,13.3,15.0,0.0,0,0.0,19.2,Partially cloudy,37.6
Resort Hotel,2017-02-24,18.5,11.1,14.3,0.0,0,0.0,15.5,Clear,19.9
Resort Hotel,2017-02-25,16.1,11.2,13.8,0.0,0,0.0,9.4,Partially cloudy,38.5
Resort Hotel,2017-02-26,16.9,11.8,14.3,0.0,0,0.0,17.3,Partially cloudy,65.5
Resort Hotel,2017-02-27,16.0,10.0,12.9,0.048,100,0.0,29.0,"Rain, Partially cloudy",37.5
Resort Hotel,2017-02-28,16.1,9.3,12.9,0.016,100,0.0,22.9,"Rain, Partially cloudy",37.3
Resort Hotel,2017-03-01,16.8,7.8,12.7,0.0,0,0.0,17.0,Clear,8.8
Resort Hotel,2017-03-02,16.9,9.0,13.1,0.0,0,0.0,12.6,Clear,5.7
Resort Hotel,2017-03-03,14.0,10.1,11.7,8.815,100,68.4,48.2,"Rain, Partially cloudy",50.4
Resort Hotel,2017-03-04,18.7,11.1,14.7,14.945,100,0.0,50.2,"Rain, Partially cloudy",38.1
Resort Hotel,2017-03-05,17.2,12.3,15.2,0.316,100,0.0,20.5,"Rain, Partially cloudy",48.6
Resort Hotel,2017-03-06,19.9,11.2,15.8,0.0,0,0.0,25.2,Partially cloudy,39.1
Resort Hotel,2017-03-07,18.8,13.0,16.1,0.0,0,0.0,17.3,Clear,17.8
Resort Hotel,2017-03-08,23.8,12.7,18.7,0.0,0,0.0,27.6,Clear,0.5
Resort Hotel,2017-03-09,23.4,16.8,19.3,0.0,0,51.8,32.1,Clear,0.4
Resort Hotel,2017-03-10,20.9,14.7,18.2,0.0,0,0.0,18.5,Clear,2.1
Resort Hotel,2017-03-11,20.8,11.1,16.5,0.0,0,0.0,24.0,Partially cloudy,52.4
Resort Hotel,2017-03-12,21.9,12.1,16.1,0.0,0,61.2,36.0,Partially cloudy,38.6
Resort Hotel,2017-03-13,18.1,10.1,14.2,0.0,0,0.0,30.5,Partially cloudy,20.8
Resort Hotel,2017-03-14,15.9,11.8,14.1,0.232,100,59.4,37.7,"Rain, Partially cloudy",34.6
Resort Hotel,2017-03-15,18.7,14.3,16.2,0.0,0,51.8,35.2,Partially cloudy,57.3
Resort Hotel,2017-03-16,15.7,11.8,13.4,22.131,100,46.4,36.7,"Rain, Partially cloudy",48.1
Resort Hotel,2017-03-17,18.7,13.6,15.5,4.818,100,0.0,28.8,"Rain, Partially cloudy",30.5
Resort Hotel,2017-03-18,21.4,12.8,16.2,0.0,0,0.0,21.0,Clear,4.1
Resort Hotel,2017-03-19,21.0,11.3,16.1,0.0,0,0.0,19.0,Partially cloudy,38.3
Resort Hotel,2017-03-20,19.9,11.2,15.3,0.0,0,0.0,30.8,Clear,13.3
Resort Hotel,2017-03-21,16.7,10.6,13.5,0.0,0,0.0,30.4,Partially cloudy,42.7
Resort Hotel,2017-03-22,16.1,9.0,11.9,0.407,100,0.0,40.4,"Rain, Partially cloudy",40.4
Resort Hotel,2017-03-23,14.1,7.0,9.7,3.827,100,51.8,29.8,"Rain, Partially cloudy",34.7
Resort Hotel,2017-03-24,13.8,5.7,10.3,1.408,100,0.0,27.5,"Rain, Partially cloudy",32.2
Resort Hotel,2017-03-25,16.0,11.3,13.7,3.501,100,0.0,33.7,"Rain, Partially cloudy",47.4
Resort Hotel,2017-03-26,16.8,12.0,13.8,21.649,100,51.8,44.8,"Rain, Partially cloudy",37.5
Resort Hotel,2017-03-27,17.3,13.4,15.3,0.352,100,0.0,32.6,"Rain, Partially cloudy",41.8
Resort Hotel,2017-03-28,17.3,10.5,14.1,0.016,100,0.0,18.6,"Rain, Partially cloudy",24.2
Resort Hotel,2017-03-29,21.4,12.2,16.8,0.0,0,0.0,22.9,Partially cloudy,41.6
Resort Hotel,2017-03-30,19.0,14.9,17.0,0.0,0,0.0,25.7,Partially cloudy,76.1
Resort Hotel,2017-03-31,18.9,12.3,15.8,0.0,0,0.0,31.1,Partially cloudy,38.0
Resort Hotel,2017-04-01,19.0,11.1,14.9,0.0,0,0.0,28.0,Partially cloudy,78.7
Resort Hotel,2017-04-02,19.7,11.0,15.6,0.0,0,0.0,18.5,Partially cloudy,39.4
Resort Hotel,2017-04-03,21.7,12.6,17.4,0.0,0,0.0,25.9,Clear,6.0
Resort Hotel,2017-04-04,20.0,13.5,17.2,0.0,0,0.0,14.9,Clear,1.2
Resort Hotel,2017-04-05,20.7,12.8,17.2,0.0,0,0.0,17.3,Clear,14.0
Resort Hotel,2017-04-06,20.9,13.4,17.8,0.0,0,44.6,33.4,Clear,1.3
Resort Hotel,2017-04-07,22.8,13.8,17.9,0.0,0,0.0,33.1,Clear,0.0
Resort Hotel,2017-04-08,20.7,14.0,17.7,0.0,0,44.6,30.2,Clear,1.0
Resort Hotel,2017-04-09,20.2,15.1,17.5,0.0,0,0.0,41.3,Partially cloudy,53.4
Resort Hotel,2017-04-10,21.6,15.3,18.1,0.0,0,46.4,32.4,Clear,14.5
Resort Hotel,2017-04-11,22.5,14.2,18.0,0.0,0,0.0,23.9,Clear,5.6
Resort Hotel,2017-04-12,24.4,12.9,18.3,0.0,0,0.0,20.2,Clear,12.9
Resort Hotel,2017-04-13,21.0,13.8,18.0,0.0,0,0.0,16.2,Partially cloudy,63.0
Resort Hotel,2017-04-14,20.8,13.4,17.7,0.0,0,0.0,19.5,Partially cloudy,62.5
Resort Hotel,2017-04-15,21.0,15.1,18.2,0.0,0,0.0,20.6,Partially cloudy,75.6
Resort Hotel,2017-04-16,22.4,15.0,18.7,0.0,0,0.0,15.2,Partially cloudy,80.1
Resort Hotel,2017-04-17,21.9,15.0,18.5,0.0,0,0.0,19.2,Clear,12.3
Resort Hotel,2017-04-18,27.6,18.0,22.2,0.0,0,37.1,27.4,Clear,11.9
Resort Hotel,2017-04-19,21.9,17.9,19.5,0.0,0,0.0,34.4,Partially cloudy,69.8
Resort Hotel,2017-04-20,21.2,17.0,18.6,0.0,0,74.2,52.8,Partially cloudy,62.2
Resort Hotel,2017-04-21,19.0,16.0,17.4,0.0,0,66.6,53.1,Partially cloudy,46.6
Resort Hotel,2017-04-22,20.9,16.1,17.9,0.0,0,55.4,40.6,Partially cloudy,33.7
Resort Hotel,2017-04-23,21.1,14.7,17.8,0.0,0,0.0,17.9,Partially cloudy,29.5
Resort Hotel,2017-04-24,20.8,14.9,17.6,0.0,0,0.0,18.6,Partially cloudy,50.1
Resort Hotel,2017-04-25,22.4,15.1,18.0,0.0,0,0.0,30.4,Partially cloudy,43.4
Resort Hotel,2017-04-26,19.8,12.9,16.6,0.0,0,0.0,30.1,Partially cloudy,63.0
Resort Hotel,2017-04-27,16.1,12.6,14.4,10.826,100,0.0,15.0,"Rain, Partially cloudy",65.8
Resort Hotel,2017-04-28,21.7,13.7,17.0,7.148,100,0.0,17.6,"Rain, Partially cloudy",45.3
Resort Hotel,2017-04-29,19.9,14.1,17.7,0.0,0,0.0,30.1,Partially cloudy,30.8
Resort Hotel,2017-04-30,19.6,12.1,16.5,0.032,100,0.0,29.5,"Rain, Partially cloudy",37.3
Resort Hotel,2017-05-01,18.3,11.4,15.1,0.0,0,0.0,18.8,Clear,13.6
Resort Hotel,2017-05-02,23.0,14.3,19.0,0.0,0,0.0,21.9,Partially cloudy,51.9
Resort Hotel,2017-05-03,24.8,15.0,20.0,0.0,0,40.7,33.4,Partially cloudy,30.5
Resort Hotel,2017-05-04,20.3,16.5,18.6,0.048,100,0.0,26.2,"Rain, Partially cloudy",66.2
Resort Hotel,2017-05-05,20.6,15.0,17.5,6.479,100,0.0,26.5,"Rain, Partially cloudy",49.1
Resort Hotel,2017-05-06,20.7,12.5,17.3,0.0,0,0.0,15.4,Partially cloudy,27.9
Resort Hotel,2017-05-07,24.1,15.5,20.0,0.0,0,0.0,25.9,Partially cloudy,34.9
Resort Hotel,2017-05-08,24.1,16.0,20.1,0.0,0,0.0,18.9,Partially cloudy,34.7
Resort Hotel,2017-05-09,21.2,14.5,18.5,0.048,100,0.0,26.5,"Rain, Partially cloudy",36.2
Resort Hotel,2017-05-10,21.1,16.3,18.5,4.557,100,44.6,35.6,"Rain, Partially cloudy",41.2
Resort Hotel,2017-05-11,21.1,16.5,18.5,3.413,100,0.0,32.3,"Rain, Partially cloudy",32.2
Resort Hotel,2017-05-12,21.2,17.0,18.6,8.122,100,0.0,30.8,"Rain, Partially cloudy",28.6
Resort Hotel,2017-05-13,21.0,14.4,18.2,0.0,0,0.0,23.8,Partially cloudy,23.0
Resort Hotel,2017-05-14,21.0,13.2,18.1,0.0,0,0.0,24.1,Partially cloudy,45.0
Resort Hotel,2017-05-15,27.7,18.9,23.1,0.0,0,0.0,25.6,Partially cloudy,76.1
Resort Hotel,2017-05-16,28.8,19.2,23.5,0.0,0,0.0,23.5,Partially cloudy,88.8
Resort Hotel,2017-05-17,29.2,17.5,23.3,0.0,0,0.0,26.5,Partially cloudy,63.8
Resort Hotel,2017-05-18,25.5,15.1,20.4,0.0,0,51.8,32.1,Clear,0.9
Resort Hotel,2017-05-19,22.9,13.8,18.9,0.0,0,0.0,26.0,Clear,1.7
Resort Hotel,2017-05-20,27.4,17.2,22.6,0.0,0,32.4,30.1,Partially cloudy,32.6
Resort Hotel,2017-05-21,22.0,19.1,21.1,0.0,0,51.8,39.4,Partially cloudy,75.1
Resort Hotel,2017-05-22,21.8,18.0,19.9,0.0,0,0.0,17.9,Partially cloudy,31.2
Resort Hotel,2017-05-23,26.1,18.9,22.4,0.0,0,0.0,20.2,Clear,1.5
Resort Hotel,2017-05-24,26.8,20.3,23.1,0.0,0,0.0,33.1,Clear,10.5
Resort Hotel,2017-05-25,24.2,19.9,21.8,0.0,0,0.0,26.0,Partially cloudy,29.2
Resort Hotel,2017-05-26,21.9,18.7,20.3,0.0,0,0.0,21.6,Partially cloudy,59.7
Resort Hotel,2017-05-27,21.9,18.9,19.8,0.0,0,0.0,16.4,Partially cloudy,54.7
Resort Hotel,2017-05-28,22.0,17.9,20.0,0.0,0,0.0,20.3,Partially cloudy,39.7
Resort Hotel,2017-05-29,23.0,18.0,20.4,0.0,0,0.0,29.2,Partially cloudy,32.0
Resort Hotel,2017-05-30,24.8,17.0,21.0,0.0,0,0.0,26.8,Clear,5.8
Resort Hotel,2017-05-31,24.8,18.8,22.8,0.0,0,0.0,22.3,Clear,0.1
Resort Hotel,2017-06-01,25.7,18.8,22.9,0.0,0,0.0,30.4,Clear,0.0
Resort Hotel,2017-06-02,28.1,18.8,23.5,0.0,0,0.0,24.1,Clear,8.8
Resort Hotel,2017-06-03,27.2,17.9,22.6,0.0,0,0.0,34.3,Partially cloudy,24.1
Resort Hotel,2017-06-04,27.3,16.0,21.1,0.0,0,0.0,33.4,Partially cloudy,34.9
Resort Hotel,2017-06-05,27.2,15.9,21.1,0.0,0,0.0,35.6,Clear,3.8
Resort Hotel,2017-06-06,26.1,17.9,21.7,0.0,0,0.0,25.5,Partially cloudy,22.6
Resort Hotel,2017-06-07,31.3,19.0,25.1,0.0,0,0.0,24.6,Clear,19.2
Resort Hotel,2017-06-08,28.2,19.9,24.2,0.0,0,0.0,20.1,Partially cloudy,38.0
Resort Hotel,2017-06-09,27.3,18.6,22.7,0.0,0,0.0,24.5,Partially cloudy,74.3
Resort Hotel,2017-06-10,26.0,20.8,23.8,0.0,0,0.0,15.8,Partially cloudy,66.6
Resort Hotel,2017-06-11,27.5,20.8,24.6,0.0,0,0.0,16.7,Partially cloudy,51.6
Resort Hotel,2017-06-12,31.9,23.8,27.5,0.0,0,0.0,27.7,Partially cloudy,34.5
Resort Hotel,2017-06-13,25.7,20.9,22.9,0.0,0,0.0,36.8,Partially cloudy,39.4
Resort Hotel,2017-06-14,24.1,20.3,22.1,0.0,0,0.0,23.2,Partially cloudy,31.8
Resort Hotel,2017-06-15,25.7,19.0,22.4,0.0,0,0.0,22.9,Partially cloudy,36.9
Resort Hotel,2017-06-16,36.1,22.7,29.3,0.0,0,0.0,22.4,Partially cloudy,28.0
Resort Hotel,2017-06-17,33.8,26.7,29.9,0.0,0,0.0,29.0,Clear,8.8
Resort Hotel,2017-06-18,31.6,24.7,28.1,0.0,0,0.0,27.7,Clear,10.1
Resort Hotel,2017-06-19,28.3,23.7,25.9,0.0,0,0.0,28.0,Partially cloudy,23.4
Resort Hotel,2017-06-20,26.9,24.0,25.3,0.0,0,0.0,28.3,Clear,7.2
Resort Hotel,2017-06-21,24.7,22.2,23.4,0.0,0,0.0,26.3,Partially cloudy,37.1
Resort Hotel,2017-06-22,25.7,19.2,22.9,0.0,0,0.0,22.9,Clear,16.9
Resort Hotel,2017-06-23,33.3,20.8,26.1,0.0,0,0.0,28.8,Clear,17.1
Resort Hotel,2017-06-24,35.8,24.8,29.2,0.032,100,63.0,40.3,"Rain, Partially cloudy",61.9
Resort Hotel,2017-06-25,32.6,23.1,26.9,0.683,100,0.0,36.7,"Rain, Partially cloudy",28.6
Resort Hotel,2017-06-26,25.3,17.8,22.3,0.0,0,0.0,32.1,Clear,0.5
Resort Hotel,2017-06-27,26.6,17.9,22.1,0.0,0,0.0,39.7,Clear,17.2
Resort Hotel,2017-06-28,25.8,18.1,21.7,0.0,0,0.0,36.4,Clear,13.1
Resort Hotel,2017-06-29,26.7,16.1,21.2,0.0,0,38.9,32.1,Clear,12.5
Resort Hotel,2017-06-30,26.8,16.0,21.5,0.0,0,50.4,25.9,Clear,8.9
Resort Hotel,2017-07-01,27.4,18.7,22.6,0.0,0,53.6,30.8,Clear,0.0
Resort Hotel,2017-07-02,30.2,20.7,25.9,0.0,0,0.0,28.7,Clear,0.0
Resort Hotel,2017-07-03,30.0,21.2,25.9,0.0,0,27.7,28.2,Clear,0.0
Resort Hotel,2017-07-04,26.7,20.3,23.7,0.0,0,0.0,32.5,Clear,15.8
Resort Hotel,2017-07-05,24.0,20.8,22.2,0.0,0,0.0,32.3,Partially cloudy,49.0
Resort Hotel,2017-07-06,23.1,17.6,20.7,0.0,0,0.0,35.8,Clear,16.8
Resort Hotel,2017-07-07,25.4,18.0,21.1,0.0,0,0.0,38.9,Clear,11.5
Resort Hotel,2017-07-08,25.5,18.3,21.4,0.0,0,0.0,28.3,Clear,7.5
Resort Hotel,2017-07-09,28.0,18.2,22.1,0.0,0,0.0,23.9,Clear,2.1
Resort Hotel,2017-07-10,28.8,18.0,22.8,0.0,0,0.0,23.7,Clear,0.4
Resort Hotel,2017-07-11,28.7,19.8,24.5,0.0,0,0.0,22.2,Clear,0.0
Resort Hotel,2017-07-12,30.3,22.1,26.7,0.0,0,0.0,19.5,Clear,2.8
Resort Hotel,2017-07-13,34.6,23.0,27.1,0.0,0,0.0,23.2,Clear,2.6
Resort Hotel,2017-07-14,32.3,21.8,25.2,0.0,0,0.0,20.1,Clear,0.0
Resort Hotel,2017-07-15,26.0,20.6,24.0,0.0,0,0.0,17.1,Clear,0.0
Resort Hotel,2017-07-16,29.8,19.7,24.3,0.0,0,0.0,17.9,Clear,16.9
Resort Hotel,2017-07-17,32.0,21.6,26.2,0.0,0,21.6,19.5,Partially cloudy,41.2
Resort Hotel,2017-07-18,28.4,23.2,25.7,0.0,0,28.8,21.0,Partially cloudy,31.1
Resort Hotel,2017-07-19,26.6,18.9,23.1,0.0,0,57.6,37.5,Clear,6.0
Resort Hotel,2017-07-20,28.2,18.1,22.3,0.0,0,50.4,32.9,Clear,1.2
Resort Hotel,2017-07-21,28.3,16.7,21.5,0.0,0,50.4,35.4,Clear,0.0
Resort Hotel,2017-07-22,29.3,18.9,23.0,0.0,0,36.0,28.3,Clear,1.7
Resort Hotel,2017-07-23,27.5,18.7,24.0,0.0,0,28.8,23.5,Clear,0.0
Resort Hotel,2017-07-24,31.9,23.5,26.7,0.0,0,39.6,28.7,Clear,0.0
Resort Hotel,2017-07-25,27.5,20.0,24.6,0.0,0,25.2,18.9,Clear,0.0
Resort Hotel,2017-07-26,27.2,21.6,24.1,0.0,0,39.6,30.5,Clear,6.1
Resort Hotel,2017-07-27,30.4,22.1,25.7,0.0,0,28.8,21.9,Clear,0.0
Resort Hotel,2017-07-28,30.2,21.0,26.3,0.0,0,25.2,22.1,Clear,0.0
Resort Hotel,2017-07-29,29.9,22.5,26.7,0.0,0,32.4,23.5,Clear,3.4
Resort Hotel,2017-07-30,31.7,22.7,26.9,0.0,0,39.6,29.5,Clear,0.0
Resort Hotel,2017-07-31,27.8,19.5,24.0,0.0,0,39.6,26.1,Partially cloudy,23.4
Resort Hotel,2017-08-01,30.3,20.2,24.7,0.0,0,46.8,30.1,Partially cloudy,46.6
Resort Hotel,2017-08-02,25.8,18.1,23.0,0.0,0,43.2,22.0,Partially cloudy,27.5
Resort Hotel,2017-08-03,30.8,21.0,26.0,0.0,0,32.4,22.4,Clear,7.7
Resort Hotel,2017-08-04,32.1,23.1,29.0,0.0,0,36.0,23.5,Clear,4.1
Resort Hotel,2017-08-05,34.5,23.9,29.2,0.0,0,36.0,22.1,Partially cloudy,20.9
Resort Hotel,2017-08-06,29.0,20.8,24.8,0.0,0,28.8,19.5,Partially cloudy,35.6
Resort Hotel,2017-08-07,29.7,22.3,25.2,0.0,0,36.0,27.9,Clear,8.0
Resort Hotel,2017-08-08,31.0,19.1,24.6,0.0,0,36.0,24.6,Partially cloudy,22.1
Resort Hotel,2017-08-09,27.8,17.8,22.3,0.0,0,39.6,32.0,Clear,5.9
Resort Hotel,2017-08-10,29.2,18.2,24.2,0.0,0,36.0,28.2,Clear,0.0
Resort Hotel,2017-08-11,29.0,20.0,24.4,0.0,0,36.0,26.5,Clear,0.8
Resort Hotel,2017-08-12,30.2,20.5,25.2,0.0,0,36.0,23.7,Clear,0.0
Resort Hotel,2017-08-13,29.6,19.8,24.4,0.0,0,28.8,19.9,Clear,3.8
Resort Hotel,2017-08-14,28.0,20.6,24.6,0.0,0,25.2,24.6,Clear,7.2
Resort Hotel,2017-08-15,30.0,21.6,24.8,0.0,0,28.8,20.5,Clear,6.0
Resort Hotel,2017-08-16,33.2,21.3,26.5,0.0,0,36.0,25.9,Clear,4.3
Resort Hotel,2017-08-17,27.4,21.8,24.9,0.0,0,25.2,14.8,Clear,0.0
Resort Hotel,2017-08-18,29.3,20.7,25.1,0.0,0,28.8,18.4,Clear,0.0
Resort Hotel,2017-08-19,28.2,23.1,26.2,0.0,0,32.4,20.5,Clear,4.4
Resort Hotel,2017-08-20,30.2,23.0,26.3,0.0,0,32.4,19.9,Clear,1.8
Resort Hotel,2017-08-21,28.8,23.8,25.8,0.0,0,36.0,27.3,Clear,11.6
Resort Hotel,2017-08-22,28.6,20.2,24.9,0.0,0,32.4,23.8,Clear,6.1
Resort Hotel,2017-08-23,29.3,22.8,25.6,0.0,0,21.6,15.5,Partially cloudy,51.1
Resort Hotel,2017-08-24,28.6,19.8,24.8,0.0,0,28.8,19.3,Partially cloudy,64.5
Resort Hotel,2017-08-25,27.2,21.8,24.6,0.0,0,25.2,16.3,Partially cloudy,80.8
Resort Hotel,2017-08-26,28.2,21.6,24.8,0.0,0,39.6,22.0,Partially cloudy,89.7
Resort Hotel,2017-08-27,25.3,21.6,23.6,0.0,0,50.4,34.7,Partially cloudy,56.0
Resort Hotel,2017-08-28,24.1,19.3,21.5,0.0,0,39.6,27.3,Partially cloudy,36.3
Resort Hotel,2017-08-29,24.2,17.0,21.2,0.0,0,21.6,26.5,Partially cloudy,25.9
Resort Hotel,2017-08-30,25.1,17.9,21.8,0.0,0,28.8,18.2,Clear,10.1
Resort Hotel,2017-08-31,27.5,19.5,23.4,0.0,0,28.8,25.6,Clear,9.8
